ID,Name,League,Country,Overall,Attack,Midfield,Defense,Transfer Budget,Domestic Presstige,International Prestige,Players,Starting XI Average Age,Whole Team Average Age
243,Real Madrid,Spain Primera Division (1),Spain,86,83,88,86,188500000.0,10,10,33,26.73,23.67
241,FC Barcelona,Spain Primera Division (1),Spain,86,87,86,85,187900000.0,10,10,33,27.55,23.64
45,Juventus,Italian Serie A (1),Italy,85,89,84,85,90000000.0,10,10,24,28.64,26.75
10,Manchester City,English Premier League (1),England,85,86,88,82,170000000.0,10,9,33,26.27,23.88
21,FC Bayern München,German 1. Bundesliga (1),Germany,85,85,85,85,100000000.0,10,9,29,26.27,23.76
73,Paris Saint-Germain,French Ligue 1 (1),France,84,88,85,81,190900000.0,10,10,31,26.0,23.0
240,Atlético Madrid,Spain Primera Division (1),Spain,84,85,83,84,68600000.0,9,9,33,25.73,23.39
9,Liverpool,English Premier League (1),England,83,86,82,82,90000000.0,9,8,33,25.18,23.09
18,Tottenham Hotspur,English Premier League (1),England,83,86,82,83,85000000.0,9,8,33,26.55,23.91
5,Chelsea,English Premier League (1),England,83,85,83,82,95000000.0,9,9,33,26.64,24.12
44,Inter,Italian Serie A (1),Italy,82,83,82,81,39000000.0,9,7,25,26.73,26.8
48,Napoli,Italian Serie A (1),Italy,82,84,83,81,40000000.0,9,7,24,25.64,25.58
1,Arsenal,English Premier League (1),England,82,82,83,80,92500000.0,8,8,33,26.73,24.09
11,Manchester United,English Premier League (1),England,82,83,83,80,175000000.0,10,10,33,25.82,24.03
22,Borussia Dortmund,German 1. Bundesliga (1),Germany,81,82,82,79,60000000.0,8,7,31,25.0,22.52
46,Lazio,Italian Serie A (1),Italy,80,81,80,80,17500000.0,7,6,27,27.45,26.3
52,Roma,Italian Serie A (1),Italy,80,81,79,81,40000000.0,9,8,26,27.55,25.35
245,Ajax,Holland Eredivisie (1),Netherlands,80,79,81,79,26500000.0,10,5,30,23.82,22.33
481,Sevilla FC,Spain Primera Division (1),Spain,80,81,80,79,34500000.0,7,7,33,28.36,24.42
47,Milan,Italian Serie A (1),Italy,80,80,80,80,52000000.0,7,7,28,22.73,25.25
32,Bayer 04 Leverkusen,German 1. Bundesliga (1),Germany,80,81,81,78,39000000.0,7,6,25,24.73,24.56
236,FC Porto,Portuguese Liga ZON SAGRES (1),Portugal,80,79,81,83,19000000.0,10,8,28,27.27,25.46
461,Valencia CF,Spain Primera Division (1),Spain,80,79,81,79,66300000.0,8,6,33,25.55,23.27
449,Real Betis,Spain Primera Division (1),Spain,80,79,80,80,16100000.000000002,5,2,32,26.45,23.94
234,SL Benfica,Portuguese Liga ZON SAGRES (1),Portugal,79,78,79,79,16000000.0,10,7,27,23.55,23.59
7,Everton,English Premier League (1),England,79,77,80,79,75000000.0,7,6,33,24.73,23.61
448,Athletic Club de Bilbao,Spain Primera Division (1),Spain,79,80,80,78,18500000.0,6,6,33,26.73,25.15
483,Villarreal CF,Spain Primera Division (1),Spain,79,78,79,78,32900000.0,8,7,33,27.09,25.24
112172,RB Leipzig,German 1. Bundesliga (1),Germany,79,80,80,78,50000000.0,8,6,32,24.45,21.69
23,Borussia Mönchengladbach,German 1. Bundesliga (1),Germany,79,81,78,78,25000000.0,6,5,29,25.91,24.38
69,AS Monaco,French Ligue 1 (1),France,79,82,78,77,50000000.0,9,6,33,26.73,24.15
66,Olympique Lyonnais,French Ligue 1 (1),France,79,78,81,78,36400000.0,8,6,31,23.45,22.52
95,Leicester City,English Premier League (1),England,78,78,76,79,55000000.0,5,5,33,24.82,24.21
237,Sporting CP,Portuguese Liga ZON SAGRES (1),Portugal,78,78,78,78,18300000.0,9,4,27,25.36,24.63
219,Olympique de Marseille,French Ligue 1 (1),France,78,79,80,76,21200000.0,7,5,29,25.64,25.14
19,West Ham United,English Premier League (1),England,78,78,78,77,74000000.0,6,5,33,28.09,25.55
10029,TSG 1899 Hoffenheim,German 1. Bundesliga (1),Germany,78,77,79,79,28000000.0,6,5,28,25.55,23.39
34,FC Schalke 04,German 1. Bundesliga (1),Germany,78,76,77,78,42000000.0,8,6,32,24.91,23.53
175,VfL Wolfsburg,German 1. Bundesliga (1),Germany,78,77,78,77,40000000.0,5,4,31,25.27,23.58
1824,Eintracht Frankfurt,German 1. Bundesliga (1),Germany,78,80,78,77,14500000.0,5,4,33,26.82,24.15
457,Real Sociedad,Spain Primera Division (1),Spain,78,79,77,76,15800000.0,5,3,33,24.64,23.12
450,RC Celta,Spain Primera Division (1),Spain,77,80,77,75,11800000.0,5,4,33,25.45,23.45
247,PSV,Holland Eredivisie (1),Netherlands,77,81,75,76,19000000.0,10,5,30,23.91,21.6
1796,Burnley,English Premier League (1),England,77,77,75,77,45000000.0,4,3,33,26.64,24.88
1795,Watford,English Premier League (1),England,77,78,78,77,48000000.0,4,3,31,28.27,25.32
327,Beşiktaş JK,Turkish Süper Lig (1),Turkey,77,79,78,75,22700000.0,10,7,27,29.91,26.0
1943,Bournemouth,English Premier League (1),England,77,79,76,77,47000000.0,3,3,33,26.27,24.0
110062,Girona FC,Spain Primera Division (1),Spain,77,79,76,76,3900000.0,4,1,33,25.91,24.27
467,SD Eibar,Spain Primera Division (1),Spain,77,79,77,76,5400000.0,4,1,29,27.36,26.1
100765,Lokomotiv Moscow,Rest of World,Russia,77,77,75,77,15700000.0,8,6,28,27.82,26.75
1860,Getafe CF,Spain Primera Division (1),Spain,77,79,75,78,5400000.0,5,2,28,26.36,25.68
39,Atalanta,Italian Serie A (1),Italy,77,82,77,75,8000000.0,6,3,24,27.0,24.25
1799,Crystal Palace,English Premier League (1),England,77,79,77,76,50000000.0,4,4,33,26.73,25.18
452,RCD Espanyol,Spain Primera Division (1),Spain,77,77,77,75,10400000.0,5,2,33,26.0,25.03
54,Torino,Italian Serie A (1),Italy,77,81,76,78,12000000.0,6,4,22,26.55,25.14
38,SV Werder Bremen,German 1. Bundesliga (1),Germany,77,75,78,76,12000000.0,5,4,30,26.36,24.47
166,Hertha BSC,German 1. Bundesliga (1),Germany,77,77,76,77,12000000.0,6,4,32,26.82,23.69
110,Wolverhampton Wanderers,English Premier League (1),England,77,75,80,76,60000000.0,3,1,33,25.73,22.27
1853,Levante UD,Spain Primera Division (1),Spain,76,77,76,75,8199999.999999999,3,1,33,25.45,24.36
65,LOSC Lille,French Ligue 1 (1),France,76,75,76,75,10400000.0,6,4,27,24.18,22.67
17,Southampton,English Premier League (1),England,76,75,77,74,50000000.0,5,4,33,24.36,23.03
36,VfB Stuttgart,German 1. Bundesliga (1),Germany,76,75,76,75,20000000.0,6,4,28,26.09,24.71
101085,Racing Club,Argentina Primera División  (1),Argentina,76,79,76,76,9500000.0,9,8,28,28.91,25.86
1808,Brighton & Hove Albion,English Premier League (1),England,76,76,77,76,36500000.0,2,1,33,26.73,24.67
1877,Boca Juniors,Argentina Primera División  (1),Argentina,76,78,76,75,15000000.0,10,9,26,26.64,24.77
110374,Fiorentina,Italian Serie A (1),Italy,76,78,76,75,19500000.0,7,6,21,23.18,23.48
463,Deportivo Alavés,Spain Primera Division (1),Spain,76,76,77,76,4400000.0,3,1,27,26.82,24.37
1896,SC Braga,Portuguese Liga ZON SAGRES (1),Portugal,76,77,76,76,8400000.0,8,3,27,25.55,24.63
325,Galatasaray SK,Turkish Süper Lig (1),Turkey,76,76,77,75,25400000.0,10,7,30,27.82,25.33
326,Fenerbahçe SK,Turkish Süper Lig (1),Turkey,76,76,74,76,32000000.0,10,7,30,28.82,27.3
101014,Medipol Başakşehir FK,Turkish Süper Lig (1),Turkey,76,74,77,75,6000000.0,8,4,29,29.73,28.17
1837,Sampdoria,Italian Serie A (1),Italy,76,80,77,75,14000000.0,5,3,24,25.36,25.5
1876,River Plate,Argentina Primera División  (1),Argentina,76,77,77,75,14200000.0,10,9,28,28.09,26.07
71,FC Nantes,French Ligue 1 (1),France,75,73,75,74,7000000.0,5,2,32,26.0,23.59
70,Montpellier HSC,French Ligue 1 (1),France,75,75,74,75,6800000.0,5,3,30,27.82,24.57
100888,CD Leganés,Spain Primera Division (1),Spain,75,74,75,74,4200000.0,4,1,31,26.18,24.9
72,OGC Nice,French Ligue 1 (1),France,75,74,75,74,8600000.0,6,3,33,24.27,21.97
101047,Dynamo Kyiv,Rest of World,Ukraine,75,71,76,72,15800000.0,10,6,28,23.36,23.18
231,Club Brugge KV,Belgian Jupiler Pro League (1),Belgium,75,76,76,74,13500000.0,9,5,28,23.09,22.71
111974,Sassuolo,Italian Serie A (1),Italy,75,75,74,73,13000000.0,6,4,26,24.64,24.12
280,Olympiacos CFP,Rest of World,Greece,75,73,75,73,14900000.0,10,6,26,24.45,25.46
101059,Shakhtar Donetsk,Rest of World,Ukraine,75,75,76,75,18600000.0,10,8,28,28.09,24.43
393,PAOK,Rest of World,Greece,75,71,76,75,5500000.0,8,4,28,27.82,26.36
55,Udinese,Italian Serie A (1),Italy,75,76,75,74,7000000.0,5,3,28,25.18,24.68
144,Fulham,English Premier League (1),England,75,78,76,73,45000000.0,2,2,33,25.0,23.85
1842,Cagliari,Italian Serie A (1),Italy,75,76,74,73,6000000.0,4,1,28,26.45,26.39
1970,Tigres U.A.N.L.,Mexican Liga MX (1),Mexico,75,80,75,72,27000000.0,10,7,29,27.73,25.03
1629,Grêmio,Campeonato Brasileiro Série A (1),Brazil,75,74,73,74,8500000.0,9,8,20,30.0,30.0
1032,Monterrey,Mexican Liga MX (1),Mexico,75,77,74,74,19600000.0,9,8,27,28.64,24.96
189,Bologna,Italian Serie A (1),Italy,75,76,76,73,12700000.0,4,2,29,26.91,25.07
74,Stade Rennais FC,French Ligue 1 (1),France,75,77,75,75,8600000.0,5,3,30,25.91,23.53
485,Hannover 96,German 1. Bundesliga (1),Germany,74,73,74,74,10000000.0,5,3,33,26.27,24.48
673,KRC Genk,Belgian Jupiler Pro League (1),Belgium,74,76,74,74,8500000.0,7,4,26,24.27,22.19
78,Celtic,Scottish Premiership (1),Scotland,74,73,74,73,12500000.0,10,4,28,24.36,24.64
25,SC Freiburg,German 1. Bundesliga (1),Germany,74,75,73,74,10500000.0,1,2,30,25.73,23.9
1879,Club América,Mexican Liga MX (1),Mexico,74,74,75,72,25100000.0,10,9,30,26.18,23.93
191,FC Red Bull Salzburg,Austrian Football Bundesliga (1),Austria,74,74,74,73,13800000.0,10,6,27,24.91,23.0
100409,FC Augsburg,German 1. Bundesliga (1),Germany,74,74,74,76,9500000.0,3,3,33,25.91,24.06
169,1. FSV Mainz 05,German 1. Bundesliga (1),Germany,74,74,76,74,9200000.0,4,3,30,23.36,23.13
110556,Genoa,Italian Serie A (1),Italy,74,75,75,73,8600000.0,4,2,28,26.36,24.61
1035,Atlético Mineiro,Campeonato Brasileiro Série A (1),Brazil,74,76,75,74,13500000.0,7,6,20,28.18,28.8
100767,Spartak Moscow,Rest of World,Russia,74,75,74,74,27600000.0,10,4,28,25.55,23.57
246,Feyenoord,Holland Eredivisie (1),Netherlands,74,77,76,73,14100000.0,10,4,28,26.82,22.89
1939,Huddersfield Town,English Premier League (1),England,74,72,73,75,37500000.0,2,1,33,24.82,23.73
59,FC Girondins de Bordeaux,French Ligue 1 (1),France,74,75,74,73,11100000.0,6,3,31,24.91,22.26
605,Al Hilal,Saudi Abdul L. Jameel League (1),Saudi Arabia,74,80,73,70,7700000.0,10,7,30,27.18,26.9
480,Rayo Vallecano,Spain Primera Division (1),Spain,74,78,75,73,3300000.0,2,1,33,27.18,24.79
1048,Internacional,Campeonato Brasileiro Série A (1),Brazil,74,73,74,74,8900000.0,7,6,20,28.91,29.6
1887,Vitória Guimarães,Portuguese Liga ZON SAGRES (1),Portugal,74,72,74,74,4099999.9999999995,7,3,27,24.64,24.3
112791,SPAL,Italian Serie A (1),Italy,74,75,74,73,4500000.0,1,1,25,27.91,26.72
110093,Independiente,Argentina Primera División  (1),Argentina,74,73,75,74,10000000.0,9,8,26,26.91,24.96
1530,Angers SCO,French Ligue 1 (1),France,74,72,74,74,4700000.0,3,1,29,27.36,25.21
379,Stade de Reims,French Ligue 1 (1),France,74,73,73,73,5200000.0,1,1,29,26.18,24.03
462,Real Valladolid CF,Spain Primera Division (1),Spain,74,76,73,72,3100000.0,2,1,33,26.73,24.06
315,PFC CSKA Moscow,Rest of World,Russia,74,73,74,71,15000000.0,10,7,27,23.0,22.3
76,RC Strasbourg Alsace,French Ligue 1 (1),France,74,74,74,75,5400000.0,1,1,29,26.18,24.79
50,Parma,Italian Serie A (1),Italy,73,74,73,71,4000000.0,4,2,26,28.36,26.58
110636,Fortuna Düsseldorf,German 1. Bundesliga (1),Germany,73,74,73,72,7500000.0,1,1,30,25.64,25.33
110839,SD Huesca,Spain Primera Division (1),Spain,73,74,73,72,2100000.0,2,1,31,26.73,25.81
192,Chievo Verona,Italian Serie A (1),Italy,73,73,74,72,4600000.0,3,2,30,28.09,25.57
896,FC Basel 1893,Swiss Super League (1),Switzerland,73,74,72,74,9300000.0,10,6,26,26.0,23.38
568,Cruzeiro,Campeonato Brasileiro Série A (1),Brazil,73,73,72,75,12100000.0,10,6,20,30.36,30.6
1961,Cardiff City,English Premier League (1),England,73,73,73,72,35000000.0,1,1,33,27.82,25.97
62,En Avant de Guingamp,French Ligue 1 (1),France,73,73,74,73,5200000.0,4,2,29,25.64,24.31
278,AEK Athens,Rest of World,Greece,73,74,73,73,3200000.0,6,2,27,25.91,24.59
1878,Cruz Azul,Mexican Liga MX (1),Mexico,73,73,73,72,13200000.0,6,7,27,27.73,25.37
1816,Amiens SC,French Ligue 1 (1),France,73,73,73,73,3900000.0,1,1,29,25.09,24.07
1809,Toulouse Football Club,French Ligue 1 (1),France,73,75,71,73,7200000.0,3,1,26,24.91,23.65
232,Standard de Liège,Belgian Jupiler Pro League (1),Belgium,73,72,74,72,8500000.0,7,4,28,25.64,24.36
224,Nîmes Olympique,French Ligue 1 (1),France,73,73,75,72,4099999.9999999995,1,1,27,23.0,24.26
1013,San Lorenzo de Almagro,Argentina Primera División  (1),Argentina,72,71,73,72,8500000.0,9,8,28,28.27,25.18
111710,Defensa y Justicia,Argentina Primera División  (1),Argentina,72,70,73,72,3200000.0,6,3,28,23.45,24.75
1900,Moreirense FC,Portuguese Liga ZON SAGRES (1),Portugal,72,71,74,72,830000.0,4,1,25,25.55,24.92
110468,Viktoria Plzeň,Rest of World,Czech Republic,72,72,71,71,6600000.0,7,3,23,28.73,27.83
112885,Atlanta United,USA Major League Soccer (1),United States,72,81,72,70,5000000.0,9,1,30,25.82,24.07
110144,Santos Laguna,Mexican Liga MX (1),Mexico,72,73,72,71,11500000.0,5,8,23,25.36,24.09
111657,Frosinone,Italian Serie A (1),Italy,72,73,70,72,7000000.0,2,1,27,25.82,25.93
674,KAA Gent,Belgian Jupiler Pro League (1),Belgium,72,71,73,72,12500000.0,8,5,28,24.82,23.71
211,Dinamo Zagreb,Rest of World,Croatia,72,72,73,72,9600000.0,10,4,28,24.55,23.75
110147,Pachuca,Mexican Liga MX (1),Mexico,72,71,74,71,14200000.0,7,8,26,26.82,25.42
1882,Deportivo Toluca,Mexican Liga MX (1),Mexico,72,73,72,72,7400000.0,7,7,28,30.0,26.54
1903,FC Utrecht,Holland Eredivisie (1),Netherlands,72,71,72,72,12200000.0,7,2,30,24.36,23.53
436,Trabzonspor,Turkish Süper Lig (1),Turkey,72,75,73,70,15700000.0,6,5,23,26.27,24.96
110406,Club Atlético Colón,Argentina Primera División  (1),Argentina,72,72,71,69,4000000.0,6,5,28,26.82,25.57
517,Botafogo,Campeonato Brasileiro Série A (1),Brazil,72,73,72,71,4800000.0,6,4,20,28.55,30.4
1906,AZ Alkmaar,Holland Eredivisie (1),Netherlands,72,72,74,72,9000000.0,9,4,30,23.82,22.07
230,Royal Antwerp FC,Belgian Jupiler Pro League (1),Belgium,72,72,73,72,3100000.0,2,1,27,27.91,25.37
101026,Göztepe SK,Turkish Süper Lig (1),Turkey,72,71,72,70,3100000.0,4,1,27,29.0,26.59
1746,Empoli,Italian Serie A (1),Italy,72,74,72,72,5000000.0,3,1,29,25.0,25.21
171,1. FC Nürnberg,German 1. Bundesliga (1),Germany,72,73,72,72,5400000.0,2,1,30,24.18,24.03
110569,Dijon FCO,French Ligue 1 (1),France,72,73,72,71,4099999.9999999995,2,1,26,27.82,25.19
210,Stade Malherbe Caen,French Ligue 1 (1),France,72,70,72,73,5700000.0,3,1,31,24.82,24.19
112139,Al Nassr,Saudi Abdul L. Jameel League (1),Saudi Arabia,72,72,73,70,8300000.000000001,8,5,30,27.45,25.6
113142,Alanyaspor,Turkish Süper Lig (1),Turkey,72,74,73,70,2100000.0,2,1,23,28.91,28.57
229,RSC Anderlecht,Belgian Jupiler Pro League (1),Belgium,72,75,73,71,16200000.0,10,7,28,23.18,23.43
101100,Atlético Nacional,Colombian Liga Postobón (1),Colombia,71,73,71,71,9000000.0,10,9,28,27.27,25.25
1719,Vitória,Campeonato Brasileiro Série A (1),Brazil,71,72,72,72,1500000.0,4,2,20,30.36,30.0
101033,Atiker Konyaspor,Turkish Süper Lig (1),Turkey,71,71,71,71,5200000.0,6,3,27,27.82,26.85
1598,Bahia,Campeonato Brasileiro Série A (1),Brazil,71,70,71,71,1900000.0,4,3,20,30.0,30.0
1880,Guadalajara,Mexican Liga MX (1),Mexico,71,74,71,68,19200000.0,9,8,29,24.91,24.24
267,Sparta Praha,Rest of World,Czech Republic,71,69,72,71,6500000.0,10,4,26,25.45,25.38
744,Rio Ave FC,Portuguese Liga ZON SAGRES (1),Portugal,71,71,72,71,1100000.0,6,2,30,24.64,23.6
111651,Toronto FC,USA Major League Soccer (1),United States,71,71,69,69,5000000.0,8,4,30,27.55,25.43
112001,América FC (Minas Gerais),Campeonato Brasileiro Série A (1),Brazil,71,71,72,71,760000.0,2,2,20,28.55,28.6
1884,Panathinaikos FC,Rest of World,Greece,71,73,71,70,3600000.0,8,3,28,24.55,23.04
101020,Kayserispor,Turkish Süper Lig (1),Turkey,71,72,72,71,2500000.0,4,2,22,28.91,27.36
742,Bursaspor,Turkish Süper Lig (1),Turkey,71,73,71,69,7200000.0,6,5,30,26.18,23.97
1909,Vitesse,Holland Eredivisie (1),Netherlands,71,72,72,69,12800000.0,8,2,25,24.82,23.44
110975,Universidad Católica,Chilian Campeonato Nacional (1),Chile,71,72,71,70,8100000.0,9,6,28,28.36,24.57
110980,Colo-Colo,Chilian Campeonato Nacional (1),Chile,71,73,70,72,7200000.0,10,4,24,27.45,25.96
111144,Seattle Sounders FC,USA Major League Soccer (1),United States,71,72,71,68,5000000.0,8,4,27,27.18,25.26
101101,Junior FC,Colombian Liga Postobón (1),Colombia,71,73,72,69,5000000.0,8,7,28,28.0,26.46
900,BSC Young Boys,Swiss Super League (1),Switzerland,71,75,70,70,4500000.0,9,4,24,24.09,23.17
110781,Club León,Mexican Liga MX (1),Mexico,71,68,72,72,10400000.0,8,4,28,26.82,25.04
101037,Çaykur Rizespor,Turkish Süper Lig (1),Turkey,71,73,71,70,2500000.0,3,2,30,24.73,25.23
112996,Los Angeles FC,USA Major League Soccer (1),United States,71,75,72,69,5000000.0,7,1,26,26.18,24.35
112476,Chapecoense,Campeonato Brasileiro Série A (1),Brazil,71,69,71,71,920000.0,3,1,20,31.09,30.4
687,Columbus Crew SC,USA Major League Soccer (1),United States,71,72,71,68,5000000.0,7,3,30,28.09,25.13
688,DC United,USA Major League Soccer (1),United States,71,80,70,69,5000000.0,5,4,27,25.91,25.37
697,LA Galaxy,USA Major League Soccer (1),United States,71,85,72,69,5000000.0,8,5,28,26.82,25.11
1889,Os Belenenses,Portuguese Liga ZON SAGRES (1),Portugal,71,70,73,71,880000.0,5,1,27,26.73,25.07
696,Sporting Kansas City,USA Major League Soccer (1),United States,71,71,72,69,5000000.0,7,2,28,29.27,25.71
111339,Kasimpaşa SK,Turkish Süper Lig (1),Turkey,71,72,71,71,5200000.0,4,3,24,25.91,24.71
112387,Al Ahli,Saudi Abdul L. Jameel League (1),Saudi Arabia,71,78,71,68,7800000.0,9,6,30,26.91,26.47
518,GD Chaves,Portuguese Liga ZON SAGRES (1),Portugal,70,70,70,70,1000000.0,2,1,27,26.82,26.3
693,Chicago Fire,USA Major League Soccer (1),United States,70,73,71,69,5000000.0,5,1,27,27.55,25.7
320,Malmö FF,Swedish Allsvenskan (1),Sweden,70,70,71,69,4200000.0,10,4,26,28.64,25.65
1438,Santa Clara,Portuguese Liga ZON SAGRES (1),Portugal,70,70,70,71,816000.0,1,1,25,25.55,25.48
111708,Atlético Tucumán,Argentina Primera División  (1),Argentina,70,69,71,70,2000000.0,4,2,28,30.09,27.14
670,Sporting de Charleroi,Belgian Jupiler Pro League (1),Belgium,70,71,70,70,1900000.0,6,2,28,25.36,23.25
111678,Club Tijuana,Mexican Liga MX (1),Mexico,70,69,72,70,9000000.0,5,6,27,27.55,24.56
1893,Clube Sport Marítimo,Portuguese Liga ZON SAGRES (1),Portugal,70,70,69,70,1500000.0,6,3,29,26.91,24.41
1881,U.N.A.M.,Mexican Liga MX (1),Mexico,70,74,69,69,11600000.0,6,6,30,26.0,23.43
101146,Vissel Kobe,Japanese J. League Division 1 (1),Japan,70,70,74,69,6700000.0,4,2,30,29.36,27.13
110150,Querétaro,Mexican Liga MX (1),Mexico,70,71,67,68,4900000.0,3,4,29,25.18,24.93
110152,Puebla FC,Mexican Liga MX (1),Mexico,70,73,69,67,3900000.0,4,2,30,28.0,26.6
101041,Sivasspor,Turkish Süper Lig (1),Turkey,70,71,70,70,2800000.0,4,1,26,28.91,25.88
1516,FC Midtjylland,Danish Superliga (1),Denmark,70,69,70,71,2900000.0,10,3,27,26.36,24.15
298,Rosenborg BK,Norwegian Eliteserien (1),Norway,70,70,70,69,2300000.0,10,4,27,27.18,24.04
112828,New York City FC,USA Major League Soccer (1),United States,70,70,73,69,5000000.0,9,5,24,25.55,23.92
111340,Akhisar Belediyespor,Turkish Süper Lig (1),Turkey,70,69,72,70,2900000.0,5,2,26,29.45,29.27
111048,Paraná,Campeonato Brasileiro Série A (1),Brazil,70,68,71,70,820000.0,4,1,20,31.82,31.6
111730,Kawasaki Frontale,Japanese J. League Division 1 (1),Japan,70,75,69,69,5200000.0,8,5,29,28.36,25.9
112134,Philadelphia Union,USA Major League Soccer (1),United States,70,68,72,68,5000000.0,4,1,28,25.91,24.75
15005,SV Zulte-Waregem,Belgian Jupiler Pro League (1),Belgium,70,71,71,67,3000000.0,7,2,26,27.36,24.85
113259,Yeni Malatyaspor,Turkish Süper Lig (1),Turkey,70,71,71,67,2800000.0,2,1,27,27.55,26.0
101007,MKE Ankaragücü,Turkish Süper Lig (1),Turkey,70,69,69,71,2800000.0,5,5,26,27.82,28.31
110580,Rosario Central,Argentina Primera División  (1),Argentina,70,71,71,70,6000000.0,7,4,28,26.82,24.64
111715,Club Atlético Tigre,Argentina Primera División  (1),Argentina,70,70,71,68,3500000.0,4,3,28,30.18,26.89
111057,Sport Club do Recife,Campeonato Brasileiro Série A (1),Brazil,70,70,71,71,2500000.0,2,3,20,29.64,30.2
1039,Atlético Paranaense,Campeonato Brasileiro Série A (1),Brazil,70,69,70,70,2100000.0,5,4,20,30.36,30.4
111138,Minnesota United FC,USA Major League Soccer (1),United States,70,71,71,69,5000000.0,3,1,27,28.18,25.96
111139,Montreal Impact,USA Major League Soccer (1),United States,70,73,71,69,5000000.0,4,4,28,27.45,24.64
111140,Portland Timbers,USA Major League Soccer (1),United States,70,73,71,69,5000000.0,7,3,27,27.55,25.26
680,Sint-Truidense VV,Belgian Jupiler Pro League (1),Belgium,70,71,69,70,1800000.0,3,1,26,23.73,22.96
1473,Ulsan Hyundai FC,Korean K League Classic (1),Korea Republic,69,69,70,67,4200000.0,7,6,28,28.09,26.79
15029,Universidad de Chile,Chilian Campeonato Nacional (1),Chile,69,69,69,70,10200000.0,10,7,24,28.36,25.71
665,Vitória de Setúbal,Portuguese Liga ZON SAGRES (1),Portugal,69,69,70,70,890000.0,3,1,28,27.55,25.57
1871,Legia Warszawa,Polish T-Mobile Ekstraklasa (1),Poland,69,74,69,68,7400000.0,10,5,27,26.27,25.48
111575,Urawa Red Diamonds,Japanese J. League Division 1 (1),Japan,69,70,67,71,8000000.0,9,5,30,26.64,26.0
1915,FC Groningen,Holland Eredivisie (1),Netherlands,69,69,69,68,6200000.0,6,2,27,21.91,21.37
254,SK Rapid Wien,Austrian Football Bundesliga (1),Austria,69,68,69,69,5200000.0,9,4,25,24.36,23.76
101114,Club Atlas,Mexican Liga MX (1),Mexico,69,64,71,67,6500000.0,5,3,30,26.27,23.8
112516,CD Tondela,Portuguese Liga ZON SAGRES (1),Portugal,69,70,68,68,820000.0,2,1,22,26.36,25.36
666,CD Aves,Portuguese Liga ZON SAGRES (1),Portugal,69,70,69,70,860000.0,2,1,29,26.27,24.97
100081,KV Kortrijk,Belgian Jupiler Pro League (1),Belgium,69,70,69,67,2000000.0,5,1,26,25.91,24.85
110929,Kaizer Chiefs,Rest of World,South Africa,69,70,67,66,2200000.0,9,6,28,26.91,25.96
650,ADO Den Haag,Holland Eredivisie (1),Netherlands,69,70,68,69,5400000.0,5,1,28,28.27,24.39
10031,Portimonense SC,Portuguese Liga ZON SAGRES (1),Portugal,69,68,73,67,950000.0,3,1,25,24.0,23.48
682,KV Oostende,Belgian Jupiler Pro League (1),Belgium,69,67,69,69,2900000.0,7,2,24,26.82,24.0
1477,Jeonbuk Hyundai Motors,Korean K League Classic (1),Korea Republic,69,68,69,71,7100000.0,10,6,28,27.36,27.61
101103,Independiente Medellín,Colombian Liga Postobón (1),Colombia,69,74,64,68,5100000.0,9,6,28,25.82,24.93
111722,Deportes Tolima,Colombian Liga Postobón (1),Colombia,69,70,69,68,3000000.0,9,6,28,25.45,25.04
110404,Club Atlético Banfield,Argentina Primera División  (1),Argentina,69,65,68,68,4099999.9999999995,5,4,28,23.91,23.0
433,AIK,Swedish Allsvenskan (1),Sweden,69,70,71,67,2500000.0,10,3,26,28.82,25.92
691,New England Revolution,USA Major League Soccer (1),United States,69,69,70,67,5000000.0,5,3,26,25.64,24.73
695,FC Dallas,USA Major League Soccer (1),United States,69,66,69,69,5000000.0,7,2,29,23.36,23.48
101112,Vancouver Whitecaps FC,USA Major League Soccer (1),United States,69,70,69,68,5000000.0,5,2,28,25.36,23.39
111065,Real Salt Lake,USA Major League Soccer (1),United States,69,69,71,67,5000000.0,6,4,30,25.64,24.97
111928,San Jose Earthquakes,USA Major League Soccer (1),United States,69,69,70,69,5000000.0,3,2,29,26.82,24.55
112606,Orlando City SC,USA Major League Soccer (1),United States,69,70,68,67,5000000.0,5,5,28,25.73,25.0
101084,Gimnasia y Esgrima La Plata,Argentina Primera División  (1),Argentina,69,69,69,69,3200000.0,5,2,28,27.55,23.75
101104,Independiente Santa Fe,Colombian Liga Postobón (1),Colombia,69,68,69,66,7200000.0,9,8,28,27.73,26.68
417,Molde FK,Norwegian Eliteserien (1),Norway,69,70,69,68,1500000.0,10,3,26,24.36,23.69
1891,CD Nacional,Portuguese Liga ZON SAGRES (1),Portugal,69,69,68,70,2100000.0,3,1,25,25.0,25.4
101083,Estudiantes de La Plata,Argentina Primera División  (1),Argentina,69,70,68,70,5000000.0,8,6,28,27.18,23.96
111706,Godoy Cruz,Argentina Primera División  (1),Argentina,69,70,67,68,5000000.0,6,6,28,23.09,22.68
111019,Argentinos Juniors,Argentina Primera División  (1),Argentina,69,71,70,68,2800000.0,6,5,28,25.82,25.29
1028,Monarcas Morelia,Mexican Liga MX (1),Mexico,69,68,68,69,4900000.0,4,5,28,29.0,24.64
111768,Beijing Sinobo Guoan FC,Chinese Super League (1),China PR,69,74,72,66,62100000.0,7,4,26,26.36,25.81
112670,Club Atlético Talleres,Argentina Primera División  (1),Argentina,69,72,71,67,5200000.0,6,6,28,23.82,23.07
112540,Shanghai SIPG FC,Chinese Super League (1),China PR,69,73,71,65,24000000.0,5,2,28,27.45,24.75
111724,Shandong Luneng TaiShan FC,Chinese Super League (1),China PR,68,75,68,65,14500000.0,6,3,28,26.73,25.89
252,LASK Linz,Austrian Football Bundesliga (1),Austria,68,69,68,68,3200000.0,3,1,25,25.18,24.2
269,Brøndby IF,Danish Superliga (1),Denmark,68,68,70,67,2800000.0,10,2,27,24.82,23.48
100634,Heracles Almelo,Holland Eredivisie (1),Netherlands,68,70,69,66,4200000.0,5,1,29,24.55,23.59
111091,Lechia Gdańsk,Polish T-Mobile Ekstraklasa (1),Poland,68,69,68,67,4800000.0,7,2,27,26.0,23.19
1913,SC Heerenveen,Holland Eredivisie (1),Netherlands,68,69,69,66,7400000.0,6,2,26,23.09,21.27
112535,Unión La Calera,Chilian Campeonato Nacional (1),Chile,68,69,67,66,1600000.0,3,1,26,25.73,25.12
101099,América de Cali,Colombian Liga Postobón (1),Colombia,68,72,66,64,2200000.0,6,5,28,25.36,23.86
1914,PEC Zwolle,Holland Eredivisie (1),Netherlands,68,70,68,67,5400000.0,5,1,26,24.45,22.62
10019,CD Feirense,Portuguese Liga ZON SAGRES (1),Portugal,68,67,69,68,800000.0,2,1,28,26.27,26.43
82,Kilmarnock,Scottish Premiership (1),Scotland,68,66,69,67,850000.0,6,1,28,26.91,23.93
77,Aberdeen,Scottish Premiership (1),Scotland,68,67,68,69,2500000.0,8,2,23,24.36,24.43
101121,Club Necaxa,Mexican Liga MX (1),Mexico,68,69,68,67,5300000.0,2,2,28,25.0,24.14
110930,Orlando Pirates,Rest of World,South Africa,68,68,69,66,2600000.0,10,5,28,27.36,27.39
634,Fortuna Sittard,Holland Eredivisie (1),Netherlands,68,68,69,65,3100000.0,3,1,30,23.82,22.63
873,Lech Poznań,Polish T-Mobile Ekstraklasa (1),Poland,68,69,69,67,5300000.0,10,5,27,27.18,25.48
111707,Club Atlético Aldosivi,Argentina Primera División  (1),Argentina,68,68,67,68,500000.0,1,1,28,25.45,25.89
111059,Ceará Sporting Club,Campeonato Brasileiro Série A (1),Brazil,68,64,69,69,724000.0,3,2,20,30.36,30.2
110581,Patronato,Argentina Primera División  (1),Argentina,68,65,68,67,1700000.0,3,1,28,27.18,27.46
112092,Nagoya Grampus,Japanese J. League Division 1 (1),Japan,68,71,67,67,4099999.9999999995,4,3,28,26.0,24.32
101147,Kashima Antlers,Japanese J. League Division 1 (1),Japan,68,68,69,66,5400000.0,9,4,30,24.55,24.87
708,Hammarby IF,Swedish Allsvenskan (1),Sweden,68,70,68,66,1800000.0,6,1,27,26.09,24.15
101148,Cerezo Osaka,Japanese J. League Division 1 (1),Japan,68,68,69,67,4500000.0,7,5,30,26.73,26.17
111022,Belgrano de Córdoba,Argentina Primera División  (1),Argentina,68,67,69,65,4200000.0,5,4,28,26.09,24.18
112093,Gamba Osaka,Japanese J. League Division 1 (1),Japan,68,71,66,65,5100000.0,8,5,29,25.27,24.21
2013,KAS Eupen,Belgian Jupiler Pro League (1),Belgium,68,68,69,67,2600000.0,2,1,28,24.09,25.21
2007,Sporting Lokeren,Belgian Jupiler Pro League (1),Belgium,68,68,68,68,2400000.0,5,1,27,27.09,24.89
1750,KSV Cercle Brugge,Belgian Jupiler Pro League (1),Belgium,68,69,68,67,3900000.0,6,3,28,23.82,24.39
110770,FC Sion,Swiss Super League (1),Switzerland,68,65,68,65,5900000.0,7,3,27,23.91,24.59
694,Colorado Rapids,USA Major League Soccer (1),United States,68,72,66,67,5000000.0,2,1,27,25.18,23.93
112578,Rionegro Águilas,Colombian Liga Postobón (1),Colombia,68,69,66,69,2000000.0,5,3,28,26.09,24.82
698,Houston Dynamo,USA Major League Soccer (1),United States,68,70,68,68,5000000.0,6,2,29,26.73,25.52
81,Hibernian,Scottish Premiership (1),Scotland,67,69,68,66,1200000.0,7,1,26,27.0,25.08
80,Heart of Midlothian,Scottish Premiership (1),Scotland,67,70,67,67,1600000.0,7,1,28,25.36,24.89
272,Odense Boldklub,Danish Superliga (1),Denmark,67,68,65,67,900000.0,6,1,23,26.45,23.91
110913,Waasland-Beveren,Belgian Jupiler Pro League (1),Belgium,67,68,68,66,1800000.0,3,1,26,22.73,22.5
110745,Jagiellonia Białystok,Polish T-Mobile Ekstraklasa (1),Poland,67,70,69,65,3700000.0,8,4,27,26.64,23.48
112527,Patriotas Boyacá FC,Colombian Liga Postobón (1),Colombia,67,69,67,66,1600000.0,5,4,28,24.64,24.82
111713,San Martín de San Juan,Argentina Primera División  (1),Argentina,67,67,66,67,1500000.0,2,1,28,30.55,28.5
111400,Sydney FC,Australian Hyundai A-League (1),Australia,67,69,70,65,2000000.0,10,5,25,28.27,25.08
919,SK Brann,Norwegian Eliteserien (1),Norway,67,67,68,68,1200000.0,7,1,23,27.55,25.35
101106,Once Caldas,Colombian Liga Postobón (1),Colombia,67,67,67,68,3300000.0,7,5,28,27.18,24.68
111035,Lobos BUAP,Mexican Liga MX (1),Mexico,67,67,66,66,1600000.0,1,1,24,25.36,26.67
111560,Royal Excel Mouscron,Belgian Jupiler Pro League (1),Belgium,67,67,68,66,1900000.0,2,1,28,23.73,22.75
112444,Hokkaido Consadole Sapporo,Japanese J. League Division 1 (1),Japan,67,69,66,68,2900000.0,3,1,24,25.09,24.96
112523,La Equidad,Colombian Liga Postobón (1),Colombia,67,70,67,65,2000000.0,5,2,28,27.45,25.11
112534,CD Universidad de Concepción,Chilian Campeonato Nacional (1),Chile,67,67,67,66,3300000.0,6,1,27,29.64,27.0
112533,CD Antofagasta,Chilian Campeonato Nacional (1),Chile,67,67,66,67,2300000.0,4,1,25,24.91,24.6
112378,Dalian YiFang FC,Chinese Super League (1),China PR,67,74,70,63,22500000.0,2,1,28,28.18,26.43
111327,CD Huachipato,Chilian Campeonato Nacional (1),Chile,67,68,65,64,3500000.0,4,3,28,24.18,22.36
101151,Yokohama F. Marinos,Japanese J. League Division 1 (1),Japan,67,70,68,66,3400000.0,6,4,26,24.09,25.15
111723,Deportivo Pasto,Colombian Liga Postobón (1),Colombia,67,67,67,66,2000000.0,3,2,28,25.18,26.04
112992,Atlético Bucaramanga,Colombian Liga Postobón (1),Colombia,67,66,69,64,1200000.0,2,1,28,28.45,26.25
256,FK Austria Wien,Austrian Football Bundesliga (1),Austria,67,67,69,67,4700000.0,7,4,26,25.18,23.19
1971,Excelsior,Holland Eredivisie (1),Netherlands,67,66,68,67,2600000.0,2,1,27,26.73,24.04
110955,Shanghai Greenland Shenhua FC,Chinese Super League (1),China PR,67,73,66,62,27000000.0,5,3,28,25.91,25.89
983,Suwon Samsung Bluewings,Korean K League Classic (1),Korea Republic,67,69,67,66,5000000.0,8,5,28,25.64,24.25
112408,Al Wehda,Saudi Abdul L. Jameel League (1),Saudi Arabia,67,67,70,65,2300000.0,4,1,30,26.55,24.17
1904,NAC Breda,Holland Eredivisie (1),Netherlands,67,68,66,66,4800000.0,2,1,30,24.45,23.23
710,Djurgårdens IF,Swedish Allsvenskan (1),Sweden,67,66,67,69,1700000.0,6,2,27,25.64,24.15
1907,Willem II,Holland Eredivisie (1),Netherlands,67,71,68,67,4500000.0,4,1,24,23.27,21.96
894,FC Zürich,Swiss Super League (1),Switzerland,67,63,68,66,3000000.0,6,4,27,24.0,23.26
702,IFK Norrköping,Swedish Allsvenskan (1),Sweden,67,67,69,67,950000.0,8,2,27,23.0,22.7
209,SK Sturm Graz,Austrian Football Bundesliga (1),Austria,67,67,66,70,5100000.0,8,3,26,23.45,23.65
112393,Al Taawoun,Saudi Abdul L. Jameel League (1),Saudi Arabia,67,67,70,63,2100000.0,5,4,28,28.64,25.5
112096,Ettifaq FC,Saudi Abdul L. Jameel League (1),Saudi Arabia,67,67,68,65,2000000.0,6,4,28,25.64,24.32
110145,Tiburones Rojos de Veracruz,Mexican Liga MX (1),Mexico,67,71,67,65,2900000.0,2,1,30,27.0,25.93
113157,Sanfrecce Hiroshima,Japanese J. League Division 1 (1),Japan,67,68,68,65,5500000.0,10,5,24,24.91,25.58
112978,Hebei China Fortune FC,Chinese Super League (1),China PR,67,72,68,64,22500000.0,3,1,25,27.45,26.2
982,FC Seoul,Korean K League Classic (1),Korea Republic,67,65,66,66,4600000.0,8,7,28,26.36,25.5
100651,VVV-Venlo,Holland Eredivisie (1),Netherlands,67,67,69,66,3000000.0,3,1,26,26.91,23.42
112429,Guangzhou R&F FC,Chinese Super League (1),China PR,67,70,67,66,10000000.0,5,4,27,28.18,26.67
101144,Júbilo Iwata,Japanese J. League Division 1 (1),Japan,66,66,65,62,3000000.0,6,3,30,27.27,27.9
635,De Graafschap,Holland Eredivisie (1),Netherlands,66,67,66,65,3500000.0,2,1,28,24.36,23.79
110746,Pogoń Szczecin,Polish T-Mobile Ekstraklasa (1),Poland,66,68,66,63,2100000.0,6,2,25,23.91,24.72
113160,Sagan Tosu,Japanese J. League Division 1 (1),Japan,66,67,66,63,3800000.0,5,2,30,26.55,25.5
111086,Piast Gliwice,Polish T-Mobile Ekstraklasa (1),Poland,66,65,66,68,2500000.0,6,4,27,25.36,25.15
700,IF Elfsborg,Swedish Allsvenskan (1),Sweden,66,64,67,63,1200000.0,8,1,27,25.73,24.63
112531,Deportes Iquique,Chilian Campeonato Nacional (1),Chile,66,67,65,65,1600000.0,4,3,25,28.0,26.0
112579,Alianza Petrolera,Colombian Liga Postobón (1),Colombia,66,66,65,65,1400000.0,7,2,28,26.45,24.46
101149,Shimizu S-Pulse,Japanese J. League Division 1 (1),Japan,66,69,66,65,2700000.0,3,1,30,26.09,25.67
112389,Al Faisaly,Saudi Abdul L. Jameel League (1),Saudi Arabia,66,68,67,64,2300000.0,5,2,25,27.36,26.12
83,Motherwell,Scottish Premiership (1),Scotland,66,64,66,65,900000.0,5,1,26,23.27,23.69
100628,FC Emmen,Holland Eredivisie (1),Netherlands,66,65,66,66,2700000.0,1,1,30,24.82,24.33
920,Vålerenga Fotball,Norwegian Eliteserien (1),Norway,66,68,66,67,1300000.0,7,2,27,27.18,23.48
711,BK Häcken,Swedish Allsvenskan (1),Sweden,66,67,67,65,750000.0,6,1,27,27.09,25.0
110977,Unión Española,Chilian Campeonato Nacional (1),Chile,66,68,65,66,2600000.0,6,6,26,25.0,23.08
1788,FC Nordsjælland,Danish Superliga (1),Denmark,66,66,66,67,950000.0,7,2,27,20.45,19.63
111328,CD Palestino,Chilian Campeonato Nacional (1),Chile,66,65,67,66,2400000.0,6,3,26,26.55,24.38
112116,CD O'Higgins,Chilian Campeonato Nacional (1),Chile,66,62,66,67,3900000.0,8,3,23,27.0,23.65
319,IFK Göteborg,Swedish Allsvenskan (1),Sweden,66,69,65,64,950000.0,8,2,24,22.18,22.25
322,Grasshopper Club Zürich,Swiss Super League (1),Switzerland,66,67,68,60,4500000.0,6,3,27,23.09,22.41
897,FC Luzern,Swiss Super League (1),Switzerland,66,67,65,64,3300000.0,5,3,25,25.27,23.52
101097,Audax Italiano,Chilian Campeonato Nacional (1),Chile,66,67,65,66,3800000.0,7,2,23,24.09,24.3
10032,FC Lugano,Swiss Super League (1),Switzerland,66,68,66,65,1500000.0,3,1,25,26.91,25.52
111714,San Martin de Tucumán,Argentina Primera División  (1),Argentina,66,66,67,66,500000.0,1,1,28,26.09,23.82
111399,Perth Glory,Australian Hyundai A-League (1),Australia,66,70,67,66,2000000.0,4,1,25,31.0,26.88
111766,Wellington Phoenix,Australian Hyundai A-League (1),Australia,65,69,64,65,2000000.0,2,1,23,26.45,24.78
113219,Ohod Club,Saudi Abdul L. Jameel League (1),Saudi Arabia,65,67,64,64,1600000.0,1,1,29,28.45,26.62
112584,CD Everton de Viña del Mar,Chilian Campeonato Nacional (1),Chile,65,68,62,66,2000000.0,1,1,23,27.82,24.13
112836,Vegalta Sendai,Japanese J. League Division 1 (1),Japan,65,65,62,66,3300000.0,5,4,29,28.27,26.76
111397,Melbourne Victory,Australian Hyundai A-League (1),Australia,65,65,65,66,2000000.0,10,5,19,26.55,24.42
111393,Adelaide United,Australian Hyundai A-League (1),Australia,65,62,66,64,2000000.0,4,3,25,25.91,23.72
420,Górnik Zabrze,Polish T-Mobile Ekstraklasa (1),Poland,65,69,65,63,2100000.0,5,2,27,24.36,22.89
1569,Wisła Płock,Polish T-Mobile Ekstraklasa (1),Poland,65,66,66,62,2300000.0,5,2,27,24.36,25.0
113222,Al Hazem,Saudi Abdul L. Jameel League (1),Saudi Arabia,65,63,66,63,1000000.0,1,1,29,26.91,25.93
112427,Western Sydney Wanderers,Australian Hyundai A-League (1),Australia,65,69,65,63,2000000.0,7,6,25,26.73,23.88
112390,Al Fateh,Saudi Abdul L. Jameel League (1),Saudi Arabia,65,65,64,64,2300000.0,6,4,27,25.55,24.7
271,Aarhus GF,Danish Superliga (1),Denmark,65,64,66,65,650000.0,6,1,27,24.36,21.93
1596,GIF Sundsvall,Swedish Allsvenskan (1),Sweden,65,62,65,64,650000.0,3,1,22,25.18,25.32
112224,Melbourne City FC,Australian Hyundai A-League (1),Australia,65,69,65,66,2000000.0,8,3,24,25.82,23.63
112655,Curicó Unido,Chilian Campeonato Nacional (1),Chile,65,65,65,64,1800000.0,2,1,27,28.64,26.41
113458,IK Sirius,Swedish Allsvenskan (1),Sweden,65,64,65,64,650000.0,1,1,26,28.18,25.73
112983,Tianjin Quanjian FC,Chinese Super League (1),China PR,65,67,66,61,23900000.0,9,6,27,26.09,25.78
100804,St. Johnstone FC,Scottish Premiership (1),Scotland,65,65,66,65,950000.0,5,1,25,25.36,25.04
1873,Wisła Kraków,Polish T-Mobile Ekstraklasa (1),Poland,65,61,65,65,2900000.0,7,3,27,27.18,24.11
1785,SV Mattersburg,Austrian Football Bundesliga (1),Austria,65,65,64,64,2200000.0,4,3,27,26.73,25.63
111821,FC Admira Wacker Mödling,Austrian Football Bundesliga (1),Austria,65,65,64,65,2800000.0,5,2,27,23.36,22.19
15009,SCR Altach,Austrian Football Bundesliga (1),Austria,65,65,64,65,1800000.0,4,1,27,26.36,24.7
2045,FC Wacker Innsbruck,Austrian Football Bundesliga (1),Austria,65,67,65,63,1000000.0,5,1,27,24.73,23.81
2055,Sangju Sangmu FC,Korean K League Classic (1),Korea Republic,65,63,65,62,2800000.0,2,1,28,25.64,25.64
1456,Odds BK,Norwegian Eliteserien (1),Norway,65,65,64,67,800000.0,7,2,22,26.18,23.27
112505,Miedź Legnica,Polish T-Mobile Ekstraklasa (1),Poland,65,66,65,63,1500000.0,1,1,27,26.73,26.0
111092,Śląsk Wrocław,Polish T-Mobile Ekstraklasa (1),Poland,65,69,66,65,2200000.0,7,4,27,29.45,25.81
111774,Tianjin TEDA FC,Chinese Super League (1),China PR,65,77,60,62,16800000.0,4,2,28,26.45,26.61
2056,Daegu FC,Korean K League Classic (1),Korea Republic,65,66,64,60,1600000.0,3,2,28,24.45,24.04
110747,Cracovia,Polish T-Mobile Ekstraklasa (1),Poland,65,66,66,64,4200000.0,4,2,26,26.45,24.42
110749,Zagłębie Lubin,Polish T-Mobile Ekstraklasa (1),Poland,65,65,65,64,3700000.0,5,2,24,25.45,25.13
898,FC St. Gallen,Swiss Super League (1),Switzerland,65,65,65,64,3700000.0,6,4,27,22.64,22.93
111082,Arka Gdynia,Polish T-Mobile Ekstraklasa (1),Poland,65,63,66,64,2600000.0,4,3,27,27.09,26.07
111588,Gyeongnam FC,Korean K League Classic (1),Korea Republic,65,68,58,63,2900000.0,3,1,28,29.0,27.11
110765,Incheon United FC,Korean K League Classic (1),Korea Republic,65,69,60,64,1700000.0,4,2,28,25.18,25.04
111822,Wolfsberger AC,Austrian Football Bundesliga (1),Austria,65,66,65,65,625000.0,2,1,27,28.09,24.26
112990,Al Batin,Saudi Abdul L. Jameel League (1),Saudi Arabia,64,70,63,64,1300000.0,1,1,30,28.64,25.13
705,Örebro SK,Swedish Allsvenskan (1),Sweden,64,65,65,63,800000.0,5,1,27,26.64,24.15
1439,Kalmar FF,Swedish Allsvenskan (1),Sweden,64,61,65,64,700000.0,3,1,27,25.27,23.85
113173,Östersunds FK,Swedish Allsvenskan (1),Sweden,64,63,64,63,900000.0,7,3,27,23.36,22.19
111660,Vendsyssel FF,Danish Superliga (1),Denmark,64,64,64,65,500000.0,1,1,26,23.82,23.46
111083,Korona Kielce,Polish T-Mobile Ekstraklasa (1),Poland,64,68,64,63,1600000.0,5,2,27,24.91,23.67
1445,Esbjerg fB,Danish Superliga (1),Denmark,64,63,67,64,500000.0,2,1,27,24.73,21.78
101145,Kashiwa Reysol,Japanese J. League Division 1 (1),Japan,64,67,64,61,5100000.0,7,6,20,26.73,25.7
837,Dundalk,Rep. Ireland Airtricity League (1),Republic of Ireland,64,69,64,63,900000.0,10,2,23,26.18,25.09
917,Stabæk Fotball,Norwegian Eliteserien (1),Norway,64,63,63,64,500000.0,4,1,27,24.18,22.7
112903,Jaguares de Córdoba,Colombian Liga Postobón (1),Colombia,64,64,64,63,1400000.0,4,3,28,25.91,24.11
113161,Shonan Bellmare,Japanese J. League Division 1 (1),Japan,64,64,60,63,2700000.0,2,2,30,24.09,23.9
822,Vejle Boldklub,Danish Superliga (1),Denmark,64,67,65,63,650000.0,3,1,27,24.82,22.7
435,Neuchâtel Xamax,Swiss Super League (1),Switzerland,64,66,65,62,1800000.0,3,2,27,28.55,27.07
112165,Chongqing Dangdai Lifan FC SWM Team,Chinese Super League (1),China PR,64,67,63,61,9600000.0,2,1,25,27.18,26.48
1447,SønderjyskE,Danish Superliga (1),Denmark,64,65,63,62,650000.0,4,1,27,26.64,24.59
299,Lillestrøm SK,Norwegian Eliteserien (1),Norway,64,62,64,64,1200000.0,6,1,23,25.45,23.39
1463,FK Haugesund,Norwegian Eliteserien (1),Norway,64,58,63,64,610000.0,4,1,27,24.36,22.78
418,Tromsø IL,Norwegian Eliteserien (1),Norway,64,64,64,62,800000.0,5,1,27,25.09,22.11
111395,Brisbane Roar,Australian Hyundai A-League (1),Australia,64,55,66,63,2000000.0,7,4,24,26.09,23.96
1715,FC Thun,Swiss Super League (1),Switzerland,64,70,66,60,3600000.0,6,3,23,25.55,24.17
111779,Henan Jianye FC,Chinese Super League (1),China PR,64,68,62,61,14100000.0,4,2,27,26.45,26.22
112075,SKN St. Pölten,Austrian Football Bundesliga (1),Austria,64,64,63,65,2700000.0,1,1,24,24.73,24.63
621,Livingston FC,Scottish Premiership (1),Scotland,64,64,64,65,650000.0,1,1,25,25.09,25.2
1786,Randers FC,Danish Superliga (1),Denmark,64,63,66,65,700000.0,4,1,22,25.73,23.82
112425,Hobro IK,Danish Superliga (1),Denmark,63,64,64,62,550000.0,1,1,20,25.55,24.7
180,Dundee FC,Scottish Premiership (1),Scotland,63,66,63,64,750000.0,3,1,25,26.45,24.76
2017,TSV Hartberg,Austrian Football Bundesliga (1),Austria,63,64,63,62,1500000.0,2,1,27,25.73,23.52
111089,Zagłębie Sosnowiec,Polish T-Mobile Ekstraklasa (1),Poland,63,64,63,62,560000.0,2,1,27,26.82,26.96
112977,Guizhou Hengfeng FC,Chinese Super League (1),China PR,63,66,58,63,11300000.0,4,2,23,29.55,27.74
306,Shamrock Rovers,Rep. Ireland Airtricity League (1),Republic of Ireland,63,63,63,63,725000.0,9,1,24,28.0,23.79
112537,Beijing Renhe FC,Chinese Super League (1),China PR,63,64,65,61,3000000.0,6,4,28,28.91,26.29
111396,Central Coast Mariners,Australian Hyundai A-League (1),Australia,63,62,63,61,2000000.0,1,3,25,23.82,22.8
1757,Sandefjord Fotball,Norwegian Eliteserien (1),Norway,63,63,63,63,550000.0,1,1,22,26.09,24.68
100325,HJK Helsinki,Rest of World,Finland,63,64,62,64,600000.0,10,1,26,25.36,22.42
1446,AC Horsens,Danish Superliga (1),Denmark,63,62,63,64,830000.0,3,1,25,26.91,23.52
184,Hamilton Academical FC,Scottish Premiership (1),Scotland,62,62,61,62,500000.0,1,1,28,25.45,24.39
112448,V-Varen Nagasaki,Japanese J. League Division 1 (1),Japan,62,63,60,63,3200000.0,3,1,23,27.45,26.57
1524,IK Start,Norwegian Eliteserien (1),Norway,62,63,61,62,850000.0,3,1,19,24.45,23.05
100805,St. Mirren,Scottish Premiership (1),Scotland,62,63,62,62,700000.0,2,1,25,25.0,24.48
112200,Ranheim Fotball,Norwegian Eliteserien (1),Norway,62,61,62,63,1700000.0,2,1,24,24.91,24.33
112019,Boyacá Chicó FC,Colombian Liga Postobón (1),Colombia,62,62,62,63,800000.0,1,1,28,27.18,24.57
422,Cork City,Rep. Ireland Airtricity League (1),Republic of Ireland,61,59,62,61,850000.0,10,2,25,24.45,23.0
703,Trelleborgs FF,Swedish Allsvenskan (1),Sweden,61,61,61,61,550000.0,1,1,23,24.55,24.78
423,St. Patrick's Athletic,Rep. Ireland Airtricity League (1),Republic of Ireland,61,60,60,61,530000.0,7,1,25,24.73,22.84
111769,Changchun Yatai FC,Chinese Super League (1),China PR,61,55,61,63,5300000.0,3,2,24,26.73,25.83
111705,IF Brommapojkarna,Swedish Allsvenskan (1),Sweden,60,61,61,60,500000.0,1,1,21,26.45,24.0
305,Bohemian FC,Rep. Ireland Airtricity League (1),Republic of Ireland,60,60,60,59,550000.0,6,1,25,23.0,22.08
112970,Itagüí Leones FC,Colombian Liga Postobón (1),Colombia,60,65,59,60,500000.0,1,1,18,23.73,23.56
113876,Dalkurd FF,Swedish Allsvenskan (1),Sweden,60,60,59,59,700000.0,1,1,18,25.73,25.22
112668,San Luis de Quillota,Chilian Campeonato Nacional (1),Chile,60,63,63,57,1600000.0,3,1,20,24.91,22.7
445,Derry City,Rep. Ireland Airtricity League (1),Republic of Ireland,59,57,59,60,625000.0,8,1,23,24.36,23.09
563,Sligo Rovers,Rep. Ireland Airtricity League (1),Republic of Ireland,58,60,58,59,600000.0,5,1,21,22.45,22.33
753,Waterford FC,Rep. Ireland Airtricity League (1),Republic of Ireland,57,50,59,55,700000.0,5,1,21,23.0,22.05
111285,Limerick FC,Rep. Ireland Airtricity League (1),Republic of Ireland,55,56,55,55,515000.0,2,1,18,24.18,23.17
838,Bray Wanderers,Rep. Ireland Airtricity League (1),Republic of Ireland,54,53,56,54,500000.0,2,1,25,23.91,21.32
